{"mse": 0.22775973141193395, "mse_q2": 0.2288742579313608, "mse_q1": 0.2236278237859116, "mse_q3": 0.2418980799144725, "mse_q0": 0.21585172592718233, "loss": 3.07797140598297, "loss_q2": 3.0825712702805173, "loss_q1": 3.0736205394451366, "loss_q3": 3.091028303298682, "loss_q0": 3.0640727815956943, "grad_norm": 3.1710643445742455, "step": 50, "samples": 3264, "_timestamp": 1732888119.1058893, "_runtime": 30.76317524909973, "_step": 2, "eval_mse": 0.46053972840309143, "eval_mse_q2": 0.44585243744008685, "eval_mse_q1": 0.46529988866103333, "eval_mse_q0": 0.4799471567658817, "eval_mse_q3": 0.44502287832173437, "eval_loss": 3.3677029609680176, "eval_loss_q2": 3.355202422422521, "eval_loss_q1": 3.3598846008903096, "eval_loss_q0": 3.398759308983298, "eval_loss_q3": 3.3525304360823194}